{"playback_info": {"start_time": 1737716380.6859941, "end_time": null, "initial_buffering_duration": 0.20511388778686523, "interruptions": {"count": 0, "events": [], "total_duration": 0}, "up_shifts": 21, "down_shifts": 7}, "playback_type": "netflix", "video_metadata": {"mpd_file": "BigBuckBunny_4s.mpd", "playback_duration": 596.46, "available_bitrates": [45226, 88783, 128503, 177437, 217761, 255865, 323047, 378355, 509091, 577751, 782553, 1008699, 1207152, 1473801, 2087347, 2409742, 2944291, 3340509, 3613836, 3936261]}, "segment_info": [["BigBuckBunny_4s_init.mp4", 45226, 877, 0.10428919200057862], ["BigBuckBunny_4s1.m4s", 45226, 21660, 0.2724537739995867], ["BigBuckBunny_4s2.m4s", 45226, 23638, 0.2875868969986186], ["BigBuckBunny_4s3.m4s", 45226, 25861, 0.31169738200151187], ["BigBuckBunny_4s4.m4s", 45226, 21234, 0.2684010089997173], ["BigBuckBunny_4s5.m4s", 45226, 22887, 0.2822392710004351], ["BigBuckBunny_4s6.m4s", 45226, 21174, 0.26341816499916604], ["BigBuckBunny_4s7.m4s", 45226, 22892, 0.2825806559994817], ["BigBuckBunny_4s8.m4s", 45226, 23038, 0.28230736700061243], ["BigBuckBunny_4s9.m4s", 88783, 44573, 0.45910855200054357], ["BigBuckBunny_4s10.m4s", 88783, 50342, 0.5120062500009226], ["BigBuckBunny_4s11.m4s", 88783, 47250, 0.4863851620011701], ["BigBuckBunny_4s12.m4s", 128503, 73092, 0.6945903139985603], ["BigBuckBunny_4s13.m4s", 128503, 71808, 0.6917862460013566], ["BigBuckBunny_4s14.m4s", 128503, 68666, 0.6657754429998022], ["BigBuckBunny_4s15.m4s", 177437, 76325, 0.7238412749993586], ["BigBuckBunny_4s16.m4s", 177437, 85454, 1.0337990439984424], ["BigBuckBunny_4s17.m4s", 177437, 84814, 0.7965485450004053], ["BigBuckBunny_4s18.m4s", 217761, 96086, 0.8939043589998619], ["BigBuckBunny_4s19.m4s", 217761, 102103, 0.941934451000634], ["BigBuckBunny_4s20.m4s", 217761, 120184, 1.0970439739994617], ["BigBuckBunny_4s21.m4s", 217761, 121487, 1.1123276060006901], ["BigBuckBunny_4s22.m4s", 255865, 104693, 0.9671385140009079], ["BigBuckBunny_4s23.m4s", 255865, 106286, 0.9700864550013648], ["BigBuckBunny_4s24.m4s", 255865, 93422, 0.8643057970002701], ["BigBuckBunny_4s25.m4s", 323047, 104331, 0.961717973001214], ["BigBuckBunny_4s26.m4s", 323047, 134821, 1.2139587689998734], ["BigBuckBunny_4s27.m4s", 323047, 157870, 1.4121316729997488], ["BigBuckBunny_4s28.m4s", 323047, 131159, 1.1896637629997713], ["BigBuckBunny_4s29.m4s", 378355, 206911, 1.8219948910009407], ["BigBuckBunny_4s30.m4s", 378355, 229079, 2.0026780779990077], ["BigBuckBunny_4s31.m4s", 378355, 220745, 1.932357014000445], ["BigBuckBunny_4s32.m4s", 378355, 169064, 1.5048382749992015], ["BigBuckBunny_4s33.m4s", 509091, 280242, 2.4351249749997805], ["BigBuckBunny_4s34.m4s", 509091, 287725, 2.4922911770008795], ["BigBuckBunny_4s35.m4s", 509091, 284611, 2.471747638999659], ["BigBuckBunny_4s36.m4s", 509091, 291650, 2.530336444000568], ["BigBuckBunny_4s37.m4s", 509091, 249625, 2.174083656000221], ["BigBuckBunny_4s38.m4s", 509091, 235619, 2.062052600000243], ["BigBuckBunny_4s39.m4s", 509091, 270237, 2.3473934630001168], ["BigBuckBunny_4s40.m4s", 509091, 205411, 1.8143779729998641], ["BigBuckBunny_4s41.m4s", 577751, 289249, 2.5107075510004506], ["BigBuckBunny_4s42.m4s", 577751, 256900, 2.23290817599991], ["BigBuckBunny_4s43.m4s", 577751, 237098, 2.0689879340006883], ["BigBuckBunny_4s44.m4s", 577751, 214583, 1.886837096999443], ["BigBuckBunny_4s45.m4s", 577751, 320900, 2.7754798049991223], ["BigBuckBunny_4s46.m4s", 782553, 416794, 3.582381169000655], ["BigBuckBunny_4s47.m4s", 782553, 438428, 3.7577967689994694], ["BigBuckBunny_4s48.m4s", 782553, 313743, 2.7048537410009885], ["BigBuckBunny_4s49.m4s", 782553, 386730, 3.3262979709998035], ["BigBuckBunny_4s50.m4s", 782553, 320363, 2.766256113000054], ["BigBuckBunny_4s51.m4s", 782553, 394760, 3.3933002360008686], ["BigBuckBunny_4s52.m4s", 782553, 370020, 3.187077116999717], ["BigBuckBunny_4s53.m4s", 782553, 422516, 3.6258756820006965], ["BigBuckBunny_4s54.m4s", 782553, 423468, 3.6336342380000133], ["BigBuckBunny_4s55.m4s", 782553, 419283, 3.598611223998887], ["BigBuckBunny_4s56.m4s", 782553, 308687, 2.6740837280012784], ["BigBuckBunny_4s57.m4s", 782553, 343074, 2.959655278000355], ["BigBuckBunny_4s58.m4s", 782553, 367438, 3.1492804159988737], ["BigBuckBunny_4s59.m4s", 782553, 381002, 6.93689246500071], ["BigBuckBunny_4s60.m4s", 782553, 412319, 9.951158304000273], ["BigBuckBunny_4s61.m4s", 577751, 291700, 7.068838695000522], ["BigBuckBunny_4s62.m4s", 577751, 327515, 7.9201182079996215], ["BigBuckBunny_4s63.m4s", 577751, 291815, 7.066242615999727], ["BigBuckBunny_4s64.m4s", 509091, 271801, 6.593147597001007], ["BigBuckBunny_4s65.m4s", 509091, 235365, 5.702164779999293], ["BigBuckBunny_4s66.m4s", 509091, 236249, 5.739178417999938], ["BigBuckBunny_4s67.m4s", 509091, 253570, 6.153096006000851], ["BigBuckBunny_4s68.m4s", 509091, 273710, 6.631970480000746], ["BigBuckBunny_4s69.m4s", 378355, 233187, 11.397502829999212], ["BigBuckBunny_4s70.m4s", 323047, 176252, 0.826522784998815], ["BigBuckBunny_4s71.m4s", 378355, 192791, 0.8933340329986095], ["BigBuckBunny_4s72.m4s", 378355, 132940, 0.6461508109987335], ["BigBuckBunny_4s73.m4s", 378355, 100705, 0.5055781740011298], ["BigBuckBunny_4s74.m4s", 509091, 275722, 1.2387013190000289], ["BigBuckBunny_4s75.m4s", 509091, 234567, 1.068230359998779], ["BigBuckBunny_4s76.m4s", 509091, 214283, 0.9905632240006526], ["BigBuckBunny_4s77.m4s", 509091, 269757, 1.2153910790002556], ["BigBuckBunny_4s78.m4s", 577751, 302202, 1.3542823500010854], ["BigBuckBunny_4s79.m4s", 577751, 337585, 1.499675170000046], ["BigBuckBunny_4s80.m4s", 577751, 309676, 1.383825947999867], ["BigBuckBunny_4s81.m4s", 782553, 391152, 1.728760075999162], ["BigBuckBunny_4s82.m4s", 782553, 409153, 1.797062580999409], ["BigBuckBunny_4s83.m4s", 782553, 422731, 1.8620000509999954], ["BigBuckBunny_4s84.m4s", 782553, 428076, 1.8797220600008586], ["BigBuckBunny_4s85.m4s", 782553, 290535, 1.3050463749987102], ["BigBuckBunny_4s86.m4s", 1008699, 495336, 2.1588688880001428], ["BigBuckBunny_4s87.m4s", 1008699, 590430, 2.564130316999581], ["BigBuckBunny_4s88.m4s", 1008699, 590879, 2.5645661279995693], ["BigBuckBunny_4s89.m4s", 1008699, 571227, 2.4747350409998035], ["BigBuckBunny_4s90.m4s", 1008699, 584190, 2.52989602299931], ["BigBuckBunny_4s91.m4s", 1008699, 512882, 2.227852347999942], ["BigBuckBunny_4s92.m4s", 1207152, 745546, 3.2134515849993477], ["BigBuckBunny_4s93.m4s", 1207152, 668223, 2.885442224000144], ["BigBuckBunny_4s94.m4s", 1207152, 534203, 2.319450914999834], ["BigBuckBunny_4s95.m4s", 1207152, 624511, 2.704619632999311], ["BigBuckBunny_4s96.m4s", 1207152, 522553, 2.2762733420004224], ["BigBuckBunny_4s97.m4s", 1207152, 300628, 1.3468093760002375], ["BigBuckBunny_4s98.m4s", 1207152, 463297, 2.030115533998469], ["BigBuckBunny_4s99.m4s", 1207152, 486789, 2.1176985620004416], ["BigBuckBunny_4s100.m4s", 1473801, 563315, 2.4461259939998854], ["BigBuckBunny_4s101.m4s", 1473801, 461823, 2.0271435670001665], ["BigBuckBunny_4s102.m4s", 1473801, 578214, 2.5098623989997577], ["BigBuckBunny_4s103.m4s", 1473801, 755810, 3.2520799589983653], ["BigBuckBunny_4s104.m4s", 1473801, 830176, 3.562310528001035], ["BigBuckBunny_4s105.m4s", 1473801, 613331, 2.656499165999776], ["BigBuckBunny_4s106.m4s", 1473801, 996629, 4.253985866000221], ["BigBuckBunny_4s107.m4s", 1473801, 870907, 3.7331628910014842], ["BigBuckBunny_4s108.m4s", 1473801, 812526, 3.490583834000063], ["BigBuckBunny_4s109.m4s", 2087347, 1220435, 5.1938728430013725], ["BigBuckBunny_4s110.m4s", 1473801, 706525, 3.0441410430012183], ["BigBuckBunny_4s111.m4s", 1473801, 666407, 2.8714432579999993], ["BigBuckBunny_4s112.m4s", 2087347, 947313, 4.049259172999882], ["BigBuckBunny_4s113.m4s", 2087347, 762521, 3.278428026000256], ["BigBuckBunny_4s114.m4s", 2087347, 746637, 3.2133481500004564], ["BigBuckBunny_4s115.m4s", 2087347, 1181858, 5.032410114999948], ["BigBuckBunny_4s116.m4s", 2087347, 806332, 3.461485965000975], ["BigBuckBunny_4s117.m4s", 2087347, 1217905, 5.186600871998962], ["BigBuckBunny_4s118.m4s", 1473801, 946217, 